Model,Accuracy,F1-Score
Decision Tree,0.6111111111111112,0.5871056241426612
Naive Bayes,0.7037037037037037,0.6350168350168351
